{"cameraMode":{"drawMode":0,"name":"Shaded","section":"Shading Mode"},"sceneLighting":true,"audioPlay":false,"sceneViewState":{"showFog":true,"showMaterialUpdate":false,"showSkybox":true,"showFlares":true,"showImageEffects":true,"showParticleSystems":true},"in2DMode":false,"pivot":{"x":-14.58308219909668,"y":23.63004493713379,"z":-14.13677978515625},"rotation":{"x":0.033352628350257876,"y":-0.958491861820221,"z":0.25354549288749697,"w":0.12608706951141358},"size":8.056933403015137,"orthographic":true}